name,psnr,ssim
1400_1.png,29.763383865356445,0.9950640797615051
1400_10.png,29.921491622924805,0.9951772689819336
1400_2.png,30.082481384277344,0.9953984022140503
1400_3.png,30.255136489868164,0.9955673217773438
1400_4.png,30.339405059814453,0.9956473708152771
1400_5.png,30.366928100585938,0.9956709146499634
1400_6.png,30.36376190185547,0.9956656098365784
1400_7.png,30.32464027404785,0.9956233501434326
1400_8.png,30.258346557617188,0.9955511093139648
1400_9.png,30.13684844970703,0.9954196810722351
1401_1.png,31.49654769897461,0.9964998960494995
1401_10.png,31.950111389160156,0.9967386722564697
1401_2.png,31.777240753173828,0.9966983199119568
1401_3.png,31.95880126953125,0.9968162178993225
1401_4.png,32.07967758178711,0.9968891143798828
1401_5.png,32.15306091308594,0.9969285726547241
1401_6.png,32.194332122802734,0.9969476461410522
1401_7.png,32.19728088378906,0.9969416856765747
1401_8.png,32.16779708862305,0.9969127774238586
1401_9.png,32.091773986816406,0.9968507885932922
1402_1.png,32.229248046875,0.9976802468299866
1402_10.png,32.22211456298828,0.9976581931114197
1402_2.png,32.514644622802734,0.9978259801864624
1402_3.png,32.68811798095703,0.9979091882705688
1402_4.png,32.77729797363281,0.9979498982429504
1402_5.png,32.820858001708984,0.9979687333106995
1402_6.png,32.81903839111328,0.9979661107063293
1402_7.png,32.76976776123047,0.9979413747787476
1402_8.png,32.681949615478516,0.9978973269462585
1402_9.png,32.50318908691406,0.9978068470954895
1403_1.png,31.003225326538086,0.9931772351264954
1403_10.png,31.210784912109375,0.9934145212173462
1403_2.png,31.252418518066406,0.9935505390167236
1403_3.png,31.406906127929688,0.9937698841094971
1403_4.png,31.501201629638672,0.9938977956771851
1403_5.png,31.560626983642578,0.993972897529602
1403_6.png,31.58746910095215,0.9940011501312256
1403_7.png,31.57691764831543,0.9939770698547363
1403_8.png,31.514820098876953,0.9938808083534241
1403_9.png,31.40448760986328,0.9937132596969604
1404_1.png,29.898269653320312,0.9959546327590942
1404_10.png,29.845020294189453,0.9958628416061401
1404_2.png,30.161746978759766,0.9961809515953064
1404_3.png,30.300983428955078,0.9962959289550781
1404_4.png,30.363746643066406,0.996346116065979
1404_5.png,30.382593154907227,0.996359646320343
1404_6.png,30.376195907592773,0.9963518977165222
1404_7.png,30.336318969726562,0.9963153004646301
1404_8.png,30.241168975830078,0.99623042345047
1404_9.png,30.08502769470215,0.9960890412330627
1405_1.png,29.528976440429688,0.9949890375137329
1405_10.png,29.627361297607422,0.9950155019760132
1405_2.png,29.789600372314453,0.9952511787414551
1405_3.png,29.933870315551758,0.9953914284706116
1405_4.png,30.020160675048828,0.9954747557640076
1405_5.png,30.06191635131836,0.9955127835273743
1405_6.png,30.05967903137207,0.9955058097839355
1405_7.png,30.028345108032227,0.9954695105552673
1405_8.png,29.949954986572266,0.9953832030296326
1405_9.png,29.81301498413086,0.9952295422554016
1406_1.png,29.34619140625,0.9946005344390869
1406_10.png,29.33811378479004,0.9945582747459412
1406_2.png,29.54023551940918,0.9948275089263916
1406_3.png,29.654071807861328,0.9949583411216736
1406_4.png,29.70747184753418,0.9950189590454102
1406_5.png,29.72083282470703,0.995033860206604
1406_6.png,29.702966690063477,0.9950127601623535
1406_7.png,29.66636848449707,0.9949682950973511
1406_8.png,29.59596824645996,0.9948832392692566
1406_9.png,29.492809295654297,0.9947558641433716
1407_1.png,29.14293670654297,0.99241703748703
1407_10.png,29.614673614501953,0.9930355548858643
1407_2.png,29.44582748413086,0.9928826689720154
1407_3.png,29.6584529876709,0.9931935667991638
1407_4.png,29.783926010131836,0.9933704733848572
1407_5.png,29.883020401000977,0.9935054779052734
1407_6.png,29.92959213256836,0.9935633540153503
1407_7.png,29.935094833374023,0.9935613870620728
1407_8.png,29.885459899902344,0.9934772849082947
1407_9.png,29.787370681762695,0.9933171272277832
1408_1.png,28.861066818237305,0.9913583993911743
1408_10.png,29.016590118408203,0.9915591478347778
1408_2.png,29.0866641998291,0.9917708039283752
1408_3.png,29.217195510864258,0.9919914603233337
1408_4.png,29.292020797729492,0.9921134114265442
1408_5.png,29.327604293823242,0.9921658635139465
1408_6.png,29.332487106323242,0.9921665191650391
1408_7.png,29.309690475463867,0.9921208024024963
1408_8.png,29.25705337524414,0.9920224547386169
1408_9.png,29.162137985229492,0.9918427467346191
1409_1.png,29.015867233276367,0.9937503933906555
1409_10.png,29.32682991027832,0.9940447807312012
1409_2.png,29.302288055419922,0.9941124320030212
1409_3.png,29.491575241088867,0.9943434596061707
1409_4.png,29.613170623779297,0.9944867491722107
1409_5.png,29.675495147705078,0.9945564866065979
1409_6.png,29.694988250732422,0.9945733547210693
1409_7.png,29.676015853881836,0.9945415258407593
1409_8.png,29.616100311279297,0.9944553375244141
1409_9.png,29.501188278198242,0.9942947626113892
1410_1.png,33.29861068725586,0.9967879056930542
1410_10.png,33.5786018371582,0.9969178438186646
1410_2.png,33.65435028076172,0.9970130920410156
1410_3.png,33.85708999633789,0.9971330761909485
1410_4.png,33.97517776489258,0.9972009062767029
1410_5.png,34.023555755615234,0.9972275495529175
1410_6.png,34.03767013549805,0.9972349405288696
1410_7.png,33.99506759643555,0.9972063302993774
1410_8.png,33.92470932006836,0.9971592426300049
1410_9.png,33.78909683227539,0.9970671534538269
1411_1.png,31.672021865844727,0.997571587562561
1411_10.png,31.78764533996582,0.9975993633270264
1411_2.png,32.0191650390625,0.9977424144744873
1411_3.png,32.19887161254883,0.9978280663490295
1411_4.png,32.290550231933594,0.9978698492050171
1411_5.png,32.311676025390625,0.9978785514831543
1411_6.png,32.3140983581543,0.9978784322738647
1411_7.png,32.260032653808594,0.9978509545326233
1411_8.png,32.167823791503906,0.9978038668632507
1411_9.png,32.007999420166016,0.9977206587791443
1412_1.png,31.21453285217285,0.9961314797401428
1412_10.png,31.21833610534668,0.996071457862854
1412_2.png,31.561023712158203,0.9964208006858826
1412_3.png,31.766775131225586,0.9965779185295105
1412_4.png,31.873828887939453,0.9966533780097961
1412_5.png,31.91242218017578,0.996677041053772
1412_6.png,31.899738311767578,0.9966621398925781
1412_7.png,31.825103759765625,0.9966005086898804
1412_8.png,31.683427810668945,0.9964829087257385
1412_9.png,31.487167358398438,0.9963139295578003
1413_1.png,31.40855598449707,0.9957865476608276
1413_10.png,31.585853576660156,0.995921790599823
1413_2.png,31.798175811767578,0.9961339831352234
1413_3.png,31.988662719726562,0.9962935447692871
1413_4.png,32.086238861083984,0.9963719248771667
1413_5.png,32.12464904785156,0.9964020848274231
1413_6.png,32.130836486816406,0.9964067339897156
1413_7.png,32.07722473144531,0.9963624477386475
1413_8.png,31.991275787353516,0.9962894916534424
1413_9.png,31.83828353881836,0.9961538314819336
1414_1.png,31.394044876098633,0.9967975616455078
1414_10.png,31.446521759033203,0.9968240857124329
1414_2.png,31.686969757080078,0.9970122575759888
1414_3.png,31.865903854370117,0.9971261024475098
1414_4.png,31.92876625061035,0.9971696138381958
1414_5.png,31.957857131958008,0.9971898198127747
1414_6.png,31.954736709594727,0.9971864819526672
1414_7.png,31.90398406982422,0.9971513152122498
1414_8.png,31.823808670043945,0.99709552526474
1414_9.png,31.672019958496094,0.9969887733459473
1415_1.png,34.46943283081055,0.9973486661911011
1415_10.png,33.88284683227539,0.9969584345817566
1415_2.png,34.881710052490234,0.9975822567939758
1415_3.png,35.07899475097656,0.9976882934570312
1415_4.png,35.1462287902832,0.9977231025695801
1415_5.png,35.11970520019531,0.9977089762687683
1415_6.png,35.01482009887695,0.9976540207862854
1415_7.png,34.905372619628906,0.997594952583313
1415_8.png,34.70439910888672,0.997482180595398
1415_9.png,34.40199279785156,0.9973018765449524
1416_1.png,30.509977340698242,0.9933325052261353
1416_10.png,31.534461975097656,0.9947174787521362
1416_2.png,30.865633010864258,0.993827760219574
1416_3.png,31.162246704101562,0.994225800037384
1416_4.png,31.47505760192871,0.9946282505989075
1416_5.png,31.765865325927734,0.9949743151664734
1416_6.png,31.940500259399414,0.9951706528663635
1416_7.png,31.991992950439453,0.9952272176742554
1416_8.png,31.946840286254883,0.9951829314231873
1416_9.png,31.819856643676758,0.9950469136238098
1417_1.png,28.661487579345703,0.9919769763946533
1417_10.png,28.81656837463379,0.992274284362793
1417_2.png,28.94143295288086,0.9924845695495605
1417_3.png,29.095651626586914,0.9927554726600647
1417_4.png,29.176481246948242,0.9928932785987854
1417_5.png,29.214874267578125,0.9929607510566711
1417_6.png,29.21581268310547,0.9929658770561218
1417_7.png,29.183151245117188,0.9929118156433105
1417_8.png,29.11797332763672,0.9928043484687805
1417_9.png,28.996686935424805,0.9925959706306458
1418_1.png,28.285980224609375,0.9932084083557129
1418_10.png,28.51291847229004,0.9934855699539185
1418_2.png,28.54852294921875,0.9935887455940247
1418_3.png,28.7020263671875,0.9938004612922668
1418_4.png,28.79376983642578,0.9939225912094116
1418_5.png,28.835220336914062,0.9939765334129333
1418_6.png,28.840486526489258,0.9939785003662109
1418_7.png,28.819297790527344,0.9939456582069397
1418_8.png,28.76267433166504,0.9938615560531616
1418_9.png,28.663969039916992,0.9937148094177246
1419_1.png,27.199602127075195,0.9895350933074951
1419_10.png,27.32163429260254,0.9896774888038635
1419_2.png,27.42026138305664,0.9900240302085876
1419_3.png,27.547752380371094,0.990292489528656
1419_4.png,27.618106842041016,0.9904352426528931
1419_5.png,27.651180267333984,0.9904966950416565
1419_6.png,27.64861297607422,0.9904808402061462
1419_7.png,27.618093490600586,0.990402102470398
1419_8.png,27.558631896972656,0.9902567267417908
1419_9.png,27.464115142822266,0.9900277256965637
1420_1.png,29.88277244567871,0.9939407110214233
1420_10.png,29.751522064208984,0.993792712688446
1420_2.png,30.120956420898438,0.9942724704742432
1420_3.png,30.241168975830078,0.9944381713867188
1420_4.png,30.29302215576172,0.9945136904716492
1420_5.png,30.299468994140625,0.9945293664932251
1420_6.png,30.277050018310547,0.9945048689842224
1420_7.png,30.214693069458008,0.9944303035736084
1420_8.png,30.11724853515625,0.9943044781684875
1420_9.png,29.950864791870117,0.9940794110298157
1421_1.png,29.642845153808594,0.991439700126648
1421_10.png,29.845563888549805,0.9918394684791565
1421_2.png,30.020313262939453,0.9921576976776123
1421_3.png,30.21181297302246,0.9925037026405334
1421_4.png,30.302631378173828,0.9926659464836121
1421_5.png,30.344257354736328,0.9927399158477783
1421_6.png,30.360631942749023,0.9927700161933899
1421_7.png,30.343158721923828,0.9927397966384888
1421_8.png,30.266637802124023,0.9926092624664307
1421_9.png,30.11722755432129,0.9923453330993652
1422_1.png,31.871368408203125,0.9953521490097046
1422_10.png,32.076107025146484,0.9955065250396729
1422_2.png,32.14616394042969,0.9956247210502625
1422_3.png,32.30282974243164,0.9957702159881592
1422_4.png,32.40586853027344,0.9958615303039551
1422_5.png,32.462120056152344,0.9959080219268799
1422_6.png,32.44709396362305,0.9958892464637756
1422_7.png,32.37820053100586,0.9958197474479675
1422_8.png,32.318145751953125,0.9957576990127563
1422_9.png,32.24378967285156,0.9956809878349304
1423_1.png,31.532573699951172,0.9938694834709167
1423_10.png,31.902469635009766,0.9943011403083801
1423_2.png,31.827327728271484,0.9942642450332642
1423_3.png,32.0122184753418,0.994491457939148
1423_4.png,32.13800048828125,0.9946376085281372
1423_5.png,32.21966552734375,0.9947307109832764
1423_6.png,32.26275634765625,0.9947770833969116
1423_7.png,32.26668167114258,0.9947765469551086
1423_8.png,32.21461486816406,0.9947092533111572
1423_9.png,32.113929748535156,0.9945780038833618
1424_1.png,30.343101501464844,0.9929834604263306
1424_10.png,30.260940551757812,0.9928167462348938
1424_2.png,30.59148597717285,0.9933698773384094
1424_3.png,30.706403732299805,0.9935441613197327
1424_4.png,30.752429962158203,0.9936133623123169
1424_5.png,30.761581420898438,0.993628978729248
1424_6.png,30.750600814819336,0.9936116933822632
1424_7.png,30.716798782348633,0.993556797504425
1424_8.png,30.632211685180664,0.9934241771697998
1424_9.png,30.47903823852539,0.993179202079773
1425_1.png,27.792617797851562,0.991406261920929
1425_10.png,27.79172706604004,0.9914035797119141
1425_2.png,28.077547073364258,0.9919648766517639
1425_3.png,28.21676254272461,0.9922266602516174
1425_4.png,28.289081573486328,0.9923591017723083
1425_5.png,28.308523178100586,0.99239581823349
1425_6.png,28.300830841064453,0.9923825860023499
1425_7.png,28.25810432434082,0.9923052191734314
1425_8.png,28.164234161376953,0.992132306098938
1425_9.png,28.016159057617188,0.9918508529663086
1426_1.png,27.974899291992188,0.9892590045928955
1426_10.png,28.11151885986328,0.9894405007362366
1426_2.png,28.212862014770508,0.9898282289505005
1426_3.png,28.347911834716797,0.990132749080658
1426_4.png,28.42313575744629,0.9902902245521545
1426_5.png,28.461811065673828,0.990361213684082
1426_6.png,28.466827392578125,0.9903583526611328
1426_7.png,28.443859100341797,0.9902892112731934
1426_8.png,28.37847137451172,0.9901232123374939
1426_9.png,28.27276039123535,0.9898557662963867
1427_1.png,32.10900115966797,0.9948024153709412
1427_10.png,32.12994384765625,0.99468994140625
1427_2.png,32.38563537597656,0.9950989484786987
1427_3.png,32.54390335083008,0.9952480792999268
1427_4.png,32.63107681274414,0.9953225255012512
1427_5.png,32.65709686279297,0.9953351020812988
1427_6.png,32.6417236328125,0.9953081607818604
1427_7.png,32.57670974731445,0.9952303171157837
1427_8.png,32.46556854248047,0.9951009750366211
1427_9.png,32.34159469604492,0.9949517846107483
1428_1.png,29.936628341674805,0.9937541484832764
1428_10.png,29.9407958984375,0.9937311410903931
1428_2.png,30.2085018157959,0.9941390156745911
1428_3.png,30.344772338867188,0.9943230152130127
1428_4.png,30.415733337402344,0.994417667388916
1428_5.png,30.443859100341797,0.994454026222229
1428_6.png,30.442838668823242,0.9944502115249634
1428_7.png,30.398487091064453,0.9943896532058716
1428_8.png,30.30652618408203,0.9942613840103149
1428_9.png,30.151147842407227,0.9940407276153564
1429_1.png,29.067974090576172,0.9929547905921936
1429_10.png,29.132883071899414,0.993014931678772
1429_2.png,29.323375701904297,0.9933650493621826
1429_3.png,29.448745727539062,0.9935595393180847
1429_4.png,29.5042781829834,0.9936429858207703
1429_5.png,29.522804260253906,0.9936700463294983
1429_6.png,29.52359962463379,0.9936652779579163
1429_7.png,29.492473602294922,0.99361252784729
1429_8.png,29.42955207824707,0.99350905418396
1429_9.png,29.31403350830078,0.9933205842971802
1430_1.png,33.04894256591797,0.9953473806381226
1430_10.png,33.27121353149414,0.9955901503562927
1430_2.png,33.33238220214844,0.9956402778625488
1430_3.png,33.485565185546875,0.9957930445671082
1430_4.png,33.57938766479492,0.9958860874176025
1430_5.png,33.632102966308594,0.995939314365387
1430_6.png,33.661800384521484,0.9959707856178284
1430_7.png,33.66259765625,0.9959754347801208
1430_8.png,33.60468673706055,0.9959226250648499
1430_9.png,33.4801025390625,0.9958020448684692
1431_1.png,31.46293830871582,0.9968554973602295
1431_10.png,31.675474166870117,0.99699467420578
1431_2.png,31.75714874267578,0.9970625042915344
1431_3.png,31.921987533569336,0.9971719980239868
1431_4.png,32.020713806152344,0.9972352385520935
1431_5.png,32.0601806640625,0.9972597360610962
1431_6.png,32.082855224609375,0.9972715377807617
1431_7.png,32.06696319580078,0.9972600340843201
1431_8.png,32.005149841308594,0.9972198009490967
1431_9.png,31.888534545898438,0.9971418976783752
1432_1.png,30.69143295288086,0.9930210113525391
1432_10.png,31.50217056274414,0.9942324161529541
1432_2.png,31.192691802978516,0.9937880635261536
1432_3.png,31.501543045043945,0.9942198991775513
1432_4.png,31.68836784362793,0.9944663047790527
1432_5.png,31.793176651000977,0.9946005940437317
1432_6.png,31.835519790649414,0.9946553707122803
1432_7.png,31.84091567993164,0.9946627616882324
1432_8.png,31.797317504882812,0.9946103692054749
1432_9.png,31.694744110107422,0.994482159614563
1433_1.png,30.25528907775879,0.9940955638885498
1433_10.png,30.532798767089844,0.9944539666175842
1433_2.png,30.5518798828125,0.9944826364517212
1433_3.png,30.734657287597656,0.9947077631950378
1433_4.png,30.85484504699707,0.9948503971099854
1433_5.png,30.919384002685547,0.994925856590271
1433_6.png,30.93429183959961,0.9949423670768738
1433_7.png,30.909160614013672,0.99491286277771
1433_8.png,30.835506439208984,0.9948269724845886
1433_9.png,30.721988677978516,0.9946904182434082
1434_1.png,32.31889724731445,0.9952930212020874
1434_10.png,32.384456634521484,0.9953064322471619
1434_2.png,32.66898727416992,0.9956372380256653
1434_3.png,32.85117721557617,0.9958109855651855
1434_4.png,32.94139862060547,0.9958942532539368
1434_5.png,32.97060012817383,0.995920717716217
1434_6.png,32.98172378540039,0.9959234595298767
1434_7.png,32.92413330078125,0.9958669543266296
1434_8.png,32.81724548339844,0.9957603812217712
1434_9.png,32.650054931640625,0.9955901503562927
1435_1.png,30.108491897583008,0.9960871338844299
1435_10.png,30.08572769165039,0.9959990382194519
1435_2.png,30.413036346435547,0.9963268637657166
1435_3.png,30.586700439453125,0.9964600801467896
1435_4.png,30.663148880004883,0.9965164065361023
1435_5.png,30.689388275146484,0.9965335130691528
1435_6.png,30.664794921875,0.9965116381645203
1435_7.png,30.600685119628906,0.9964551329612732
1435_8.png,30.48293113708496,0.996354341506958
1435_9.png,30.32284927368164,0.9962145090103149
1436_1.png,31.110017776489258,0.9958096146583557
1436_10.png,31.329017639160156,0.9958116412162781
1436_2.png,31.428546905517578,0.9960347414016724
1436_3.png,31.609785079956055,0.9961585402488708
1436_4.png,31.720104217529297,0.9962319731712341
1436_5.png,31.77177619934082,0.9962629079818726
1436_6.png,31.776304244995117,0.9962570071220398
1436_7.png,31.74025535583496,0.9962167739868164
1436_8.png,31.65304183959961,0.9961315989494324
1436_9.png,31.523822784423828,0.9960054755210876
1437_1.png,30.915512084960938,0.9951247572898865
1437_10.png,31.010332107543945,0.9952201247215271
1437_2.png,31.219772338867188,0.9954555630683899
1437_3.png,31.379623413085938,0.995621383190155
1437_4.png,31.44766616821289,0.9956859350204468
1437_5.png,31.477516174316406,0.9957154989242554
1437_6.png,31.480215072631836,0.9957184195518494
1437_7.png,31.427156448364258,0.9956659078598022
1437_8.png,31.351900100708008,0.9955875873565674
1437_9.png,31.214088439941406,0.9954437613487244
1438_1.png,31.2668399810791,0.9976843595504761
1438_10.png,31.358482360839844,0.9977065324783325
1438_2.png,31.48265838623047,0.9977925419807434
1438_3.png,31.605741500854492,0.9978512525558472
1438_4.png,31.692354202270508,0.9978914260864258
1438_5.png,31.729103088378906,0.9979070425033569
1438_6.png,31.728187561035156,0.9979044198989868
1438_7.png,31.694059371948242,0.9978857636451721
1438_8.png,31.627445220947266,0.9978504776954651
1438_9.png,31.522724151611328,0.9977948665618896
1439_1.png,28.448204040527344,0.9907031059265137
1439_10.png,28.61854362487793,0.9909924268722534
1439_2.png,28.66742706298828,0.9911512136459351
1439_3.png,28.794849395751953,0.9913977980613708
1439_4.png,28.858211517333984,0.9915173649787903
1439_5.png,28.895572662353516,0.9915865659713745
1439_6.png,28.90023422241211,0.9915909767150879
1439_7.png,28.879186630249023,0.9915480017662048
1439_8.png,28.830585479736328,0.9914437532424927
1439_9.png,28.753150939941406,0.9912799596786499
1440_1.png,32.97835922241211,0.9973989725112915
1440_10.png,33.22552490234375,0.997527003288269
1440_2.png,33.3671989440918,0.9976136088371277
1440_3.png,33.55693435668945,0.9977140426635742
1440_4.png,33.648929595947266,0.9977620840072632
1440_5.png,33.67926788330078,0.9977776408195496
1440_6.png,33.70435333251953,0.9977875351905823
1440_7.png,33.67720031738281,0.9977737069129944
1440_8.png,33.590675354003906,0.9977283477783203
1440_9.png,33.46101760864258,0.9976587295532227
1441_1.png,31.755096435546875,0.9966365098953247
1441_10.png,31.869813919067383,0.9967228174209595
1441_2.png,32.013179779052734,0.9968308806419373
1441_3.png,32.144187927246094,0.996925950050354
1441_4.png,32.20950698852539,0.9969722032546997
1441_5.png,32.233131408691406,0.9969882965087891
1441_6.png,32.241233825683594,0.996994137763977
1441_7.png,32.22732162475586,0.9969838857650757
1441_8.png,32.17042541503906,0.9969429969787598
1441_9.png,32.05756378173828,0.9968623518943787
1442_1.png,30.473819732666016,0.9947974681854248
1442_10.png,30.574691772460938,0.9948958158493042
1442_2.png,30.731544494628906,0.995093822479248
1442_3.png,30.869461059570312,0.9952491521835327
1442_4.png,30.942691802978516,0.995328426361084
1442_5.png,30.96895980834961,0.9953556656837463
1442_6.png,30.965442657470703,0.9953508973121643
1442_7.png,30.928882598876953,0.9953091144561768
1442_8.png,30.856746673583984,0.995228111743927
1442_9.png,30.743473052978516,0.9950977563858032
1443_1.png,31.41370391845703,0.9960610270500183
1443_10.png,31.696475982666016,0.9962375164031982
1443_2.png,31.699209213256836,0.9962925910949707
1443_3.png,31.864341735839844,0.9964193105697632
1443_4.png,31.957319259643555,0.9964870810508728
1443_5.png,32.021644592285156,0.9965320825576782
1443_6.png,32.04011535644531,0.9965423941612244
1443_7.png,32.02654266357422,0.9965271353721619
1443_8.png,31.966819763183594,0.9964748024940491
1443_9.png,31.868207931518555,0.9963884949684143
1444_1.png,30.011598587036133,0.9940288066864014
1444_10.png,30.153104782104492,0.9941841959953308
1444_2.png,30.220415115356445,0.9943073987960815
1444_3.png,30.344350814819336,0.9944656491279602
1444_4.png,30.433204650878906,0.9945752620697021
1444_5.png,30.483484268188477,0.9946344494819641
1444_6.png,30.491029739379883,0.9946406483650208
1444_7.png,30.472198486328125,0.9946136474609375
1444_8.png,30.41055679321289,0.9945325255393982
1444_9.png,30.307910919189453,0.9943956136703491
1445_1.png,29.437191009521484,0.9917548894882202
1445_10.png,29.710208892822266,0.9922208189964294
1445_2.png,29.7243709564209,0.9922676682472229
1445_3.png,29.875160217285156,0.9925270676612854
1445_4.png,29.95896339416504,0.9926676154136658
1445_5.png,30.003387451171875,0.9927409887313843
1445_6.png,30.016956329345703,0.9927622079849243
1445_7.png,29.995380401611328,0.9927229285240173
1445_8.png,29.946666717529297,0.9926385879516602
1445_9.png,29.8572940826416,0.9924842119216919
1446_1.png,27.531238555908203,0.9901770949363708
1446_10.png,27.81247329711914,0.9907976388931274
1446_2.png,27.791404724121094,0.9907453656196594
1446_3.png,27.96238136291504,0.99110347032547
1446_4.png,28.06189727783203,0.9913001656532288
1446_5.png,28.116989135742188,0.9914121627807617
1446_6.png,28.132949829101562,0.991445004940033
1446_7.png,28.112751007080078,0.9914076924324036
1446_8.png,28.059446334838867,0.9913033246994019
1446_9.png,27.968061447143555,0.9911200404167175
1447_1.png,29.318788528442383,0.9931451082229614
1447_10.png,29.33059310913086,0.9930922985076904
1447_2.png,29.557302474975586,0.9934958219528198
1447_3.png,29.692514419555664,0.9936826825141907
1447_4.png,29.758119583129883,0.9937674403190613
1447_5.png,29.781171798706055,0.9937921762466431
1447_6.png,29.765899658203125,0.9937658309936523
1447_7.png,29.719501495361328,0.9936922192573547
1447_8.png,29.63815689086914,0.9935688972473145
1447_9.png,29.50969696044922,0.9933719038963318
1448_1.png,30.182828903198242,0.9950801730155945
1448_10.png,30.303821563720703,0.9951964616775513
1448_2.png,30.44376564025879,0.9953606128692627
1448_3.png,30.57864761352539,0.9955002665519714
1448_4.png,30.6495361328125,0.9955727458000183
1448_5.png,30.685436248779297,0.9956092834472656
1448_6.png,30.68552017211914,0.9956077337265015
1448_7.png,30.652589797973633,0.9955728054046631
1448_8.png,30.586013793945312,0.9955036640167236
1448_9.png,30.473623275756836,0.9953843951225281
1449_1.png,28.338945388793945,0.992260754108429
1449_10.png,28.338287353515625,0.9922271370887756
1449_2.png,28.539064407348633,0.9925937056541443
1449_3.png,28.65039825439453,0.9927765727043152
1449_4.png,28.708961486816406,0.9928697347640991
1449_5.png,28.73406219482422,0.9929100275039673
1449_6.png,28.72435760498047,0.9928939938545227
1449_7.png,28.68892478942871,0.9928343892097473
1449_8.png,28.61896514892578,0.9927147626876831
1449_9.png,28.505468368530273,0.9925212860107422
